Título,Año
Blancanieves,No disponible
Los aitas,No disponible
Novocaine,No disponible
The Alto Knights,No disponible
8,No disponible
La chica de la aguja,No disponible
Un año y un día,No disponible
Misericordia,No disponible
"Wilding, el regreso de la naturaleza",No disponible
"Salvaxe, salvaxe",No disponible
Sugar Island,No disponible
Hans Zimmer & Friends: Diamond in the Desert,No disponible
Wolfgang (Extraordinario),No disponible
La vida ante nosotros,No disponible
Secretos de un crimen,No disponible
Morlaix,No disponible
Las chicas del balcón,No disponible
¡Lumière! La aventura continúa,No disponible
A toda máquina,No disponible
El guardián. Bajo la protección de San José,No disponible
Hotel Providencia,No disponible
Mascarpone: The Rainbow Cake,No disponible
The Diplomat,No disponible
"Ernest & Célestine, cuentos de primavera",No disponible
Todos lo sabían,No disponible
Mickey 17,No disponible
Lee Miller,No disponible
Presence,No disponible
Looney Tunes. El día que la Tierra explotó,No disponible
Tardes de soledad,No disponible
Grand Tour,No disponible
Un baño propio,No disponible
Super Wings: Máxima velocidad,No disponible
Reas,No disponible
A Complete Unknown,No disponible
El secreto del orfebre,No disponible
Amenaza en el aire,No disponible
Mi única familia,No disponible
The Monkey,No disponible
Paddington: Aventura en la selva,No disponible
Aún estoy aquí,No disponible
La última reina (Firebrand),No disponible
Capitán América: Brave New World,No disponible
Bridget Jones: Loca por él,No disponible
La tutoría,No disponible
Vermiglio,No disponible
María Callas,No disponible
Policán,No disponible
Mikaela,No disponible
Memorias de un caracol,No disponible
The Brutalist,No disponible
"Flow, un mundo que salvar",No disponible
A Real Pain,No disponible
Heretic (Hereje),No disponible
Sonic 3: La película,No disponible
Parthenope,No disponible
Mufasa: El rey león,No disponible
Cónclave,No disponible
La guitarra flamenca de Yerai Cortés,No disponible
Vaiana 2,No disponible
Wicked,No disponible
Anora,No disponible
La infiltrada,No disponible
